ApiController.java,edu.ucsb.cs156.gauchoride.controllers.ApiController,org.pitest.mutationtest.engine.gregor.mutators.returns.NullReturnValsMutator,genericMessage,45,KILLED,edu.ucsb.cs156.gauchoride.controllers.ShiftControllerTests.[engine:junit-jupiter]/[class:edu.ucsb.cs156.gauchoride.controllers.ShiftControllerTests]/[method:admin_can_delete_a_shift()]
ApiController.java,edu.ucsb.cs156.gauchoride.controllers.ApiController,org.pitest.mutationtest.engine.gregor.mutators.returns.NullReturnValsMutator,getCurrentUser,35,KILLED,edu.ucsb.cs156.gauchoride.controllers.UserInfoControllerTests.[engine:junit-jupiter]/[class:edu.ucsb.cs156.gauchoride.controllers.UserInfoControllerTests]/[method:currentUser__logged_in()]
ApiController.java,edu.ucsb.cs156.gauchoride.controllers.ApiController,org.pitest.mutationtest.engine.gregor.mutators.returns.NullReturnValsMutator,handleGenericException,55,KILLED,edu.ucsb.cs156.gauchoride.controllers.UsersControllerTests.[engine:junit-jupiter]/[class:edu.ucsb.cs156.gauchoride.controllers.UsersControllerTests]/[method:admin_tries_to_delete_non_existant_user_and_gets_right_error_message()]
CSRFController.java,edu.ucsb.cs156.gauchoride.controllers.CSRFController,org.pitest.mutationtest.engine.gregor.mutators.returns.NullReturnValsMutator,csrf,18,KILLED,edu.ucsb.cs156.gauchoride.controllers.CSRFControllerTests.[engine:junit-jupiter]/[class:edu.ucsb.cs156.gauchoride.controllers.CSRFControllerTests]/[method:csrf_returns_ok()]
ChatMessageController.java,edu.ucsb.cs156.gauchoride.controllers.ChatMessageController,org.pitest.mutationtest.engine.gregor.mutators.returns.NullReturnValsMutator,allMessagesNewWay,58,KILLED,edu.ucsb.cs156.gauchoride.controllers.ChatMessageControllerTests.[engine:junit-jupiter]/[class:edu.ucsb.cs156.gauchoride.controllers.ChatMessageControllerTests]/[method:admin_can_get_messages()]
ChatMessageController.java,edu.ucsb.cs156.gauchoride.controllers.ChatMessageController,org.pitest.mutationtest.engine.gregor.mutators.VoidMethodCallMutator,postMessage,42,KILLED,edu.ucsb.cs156.gauchoride.controllers.ChatMessageControllerTests.[engine:junit-jupiter]/[class:edu.ucsb.cs156.gauchoride.controllers.ChatMessageControllerTests]/[method:a_driver_can_post_a_new_message()]
ChatMessageController.java,edu.ucsb.cs156.gauchoride.controllers.ChatMessageController,org.pitest.mutationtest.engine.gregor.mutators.VoidMethodCallMutator,postMessage,43,KILLED,edu.ucsb.cs156.gauchoride.controllers.ChatMessageControllerTests.[engine:junit-jupiter]/[class:edu.ucsb.cs156.gauchoride.controllers.ChatMessageControllerTests]/[method:a_driver_can_post_a_new_message()]
ChatMessageController.java,edu.ucsb.cs156.gauchoride.controllers.ChatMessageController,org.pitest.mutationtest.engine.gregor.mutators.returns.NullReturnValsMutator,postMessage,47,KILLED,edu.ucsb.cs156.gauchoride.controllers.ChatMessageControllerTests.[engine:junit-jupiter]/[class:edu.ucsb.cs156.gauchoride.controllers.ChatMessageControllerTests]/[method:a_driver_can_post_a_new_message()]
DriverAvailabilityController.java,edu.ucsb.cs156.gauchoride.controllers.DriverAvailabilityController,org.pitest.mutationtest.engine.gregor.mutators.returns.NullReturnValsMutator,adminGetById,139,KILLED,edu.ucsb.cs156.gauchoride.controllers.DriverAvailabilityControllerTests.[engine:junit-jupiter]/[class:edu.ucsb.cs156.gauchoride.controllers.DriverAvailabilityControllerTests]/[method:test_that_logged_in_admin_can_get_by_id_when_the_id_exists_and_user_id_matches()]
DriverAvailabilityController.java,edu.ucsb.cs156.gauchoride.controllers.DriverAvailabilityController,org.pitest.mutationtest.engine.gregor.mutators.returns.NullReturnValsMutator,allApplications,70,KILLED,edu.ucsb.cs156.gauchoride.controllers.DriverAvailabilityControllerTests.[engine:junit-jupiter]/[class:edu.ucsb.cs156.gauchoride.controllers.DriverAvailabilityControllerTests]/[method:logged_in_driver_can_get_all_their_own_availabilities()]
DriverAvailabilityController.java,edu.ucsb.cs156.gauchoride.controllers.DriverAvailabilityController,org.pitest.mutationtest.engine.gregor.mutators.returns.NullReturnValsMutator,allDriverAvailabilities,148,KILLED,edu.ucsb.cs156.gauchoride.controllers.DriverAvailabilityControllerTests.[engine:junit-jupiter]/[class:edu.ucsb.cs156.gauchoride.controllers.DriverAvailabilityControllerTests]/[method:test_that_logged_in_admin_can_get_all_applications()]
DriverAvailabilityController.java,edu.ucsb.cs156.gauchoride.controllers.DriverAvailabilityController,org.pitest.mutationtest.engine.gregor.mutators.VoidMethodCallMutator,deleteDriverAvailability,123,KILLED,edu.ucsb.cs156.gauchoride.controllers.DriverAvailabilityControllerTests.[engine:junit-jupiter]/[class:edu.ucsb.cs156.gauchoride.controllers.DriverAvailabilityControllerTests]/[method:driver_can_delete_an_availability()]
DriverAvailabilityController.java,edu.ucsb.cs156.gauchoride.controllers.DriverAvailabilityController,org.pitest.mutationtest.engine.gregor.mutators.returns.NullReturnValsMutator,deleteDriverAvailability,124,KILLED,edu.ucsb.cs156.gauchoride.controllers.DriverAvailabilityControllerTests.[engine:junit-jupiter]/[class:edu.ucsb.cs156.gauchoride.controllers.DriverAvailabilityControllerTests]/[method:driver_can_delete_an_availability()]
DriverAvailabilityController.java,edu.ucsb.cs156.gauchoride.controllers.DriverAvailabilityController,org.pitest.mutationtest.engine.gregor.mutators.returns.NullReturnValsMutator,getById,85,KILLED,edu.ucsb.cs156.gauchoride.controllers.DriverAvailabilityControllerTests.[engine:junit-jupiter]/[class:edu.ucsb.cs156.gauchoride.controllers.DriverAvailabilityControllerTests]/[method:test_that_logged_in_driver_can_get_by_id_when_the_id_exists_and_user_id_matches()]
DriverAvailabilityController.java,edu.ucsb.cs156.gauchoride.controllers.DriverAvailabilityController,org.pitest.mutationtest.engine.gregor.mutators.returns.NullReturnValsMutator,lambda$adminGetById$3,138,KILLED,edu.ucsb.cs156.gauchoride.controllers.DriverAvailabilityControllerTests.[engine:junit-jupiter]/[class:edu.ucsb.cs156.gauchoride.controllers.DriverAvailabilityControllerTests]/[method:test_that_logged_in_admin_can_get_by_id_when_the_id_does_not_exist()]
DriverAvailabilityController.java,edu.ucsb.cs156.gauchoride.controllers.DriverAvailabilityController,org.pitest.mutationtest.engine.gregor.mutators.returns.NullReturnValsMutator,lambda$deleteDriverAvailability$2,121,KILLED,edu.ucsb.cs156.gauchoride.controllers.DriverAvailabilityControllerTests.[engine:junit-jupiter]/[class:edu.ucsb.cs156.gauchoride.controllers.DriverAvailabilityControllerTests]/[method:driver_tries_to_delete_non_existant_availability_and_gets_right_error_message()]
DriverAvailabilityController.java,edu.ucsb.cs156.gauchoride.controllers.DriverAvailabilityController,org.pitest.mutationtest.engine.gregor.mutators.returns.NullReturnValsMutator,lambda$getById$0,84,KILLED,edu.ucsb.cs156.gauchoride.controllers.DriverAvailabilityControllerTests.[engine:junit-jupiter]/[class:edu.ucsb.cs156.gauchoride.controllers.DriverAvailabilityControllerTests]/[method:test_that_logged_in_driver_can_get_by_id_when_the_id_does_not_exist()]
DriverAvailabilityController.java,edu.ucsb.cs156.gauchoride.controllers.DriverAvailabilityController,org.pitest.mutationtest.engine.gregor.mutators.returns.NullReturnValsMutator,lambda$updateDriverAvailability$1,101,KILLED,edu.ucsb.cs156.gauchoride.controllers.DriverAvailabilityControllerTests.[engine:junit-jupiter]/[class:edu.ucsb.cs156.gauchoride.controllers.DriverAvailabilityControllerTests]/[method:driver_cannot_edit_availability_that_does_not_exist()]
DriverAvailabilityController.java,edu.ucsb.cs156.gauchoride.controllers.DriverAvailabilityController,org.pitest.mutationtest.engine.gregor.mutators.VoidMethodCallMutator,postDriverAvailability,52,KILLED,edu.ucsb.cs156.gauchoride.controllers.DriverAvailabilityControllerTests.[engine:junit-jupiter]/[class:edu.ucsb.cs156.gauchoride.controllers.DriverAvailabilityControllerTests]/[method:a_driver_can_post_a_new_driverAvailability()]
DriverAvailabilityController.java,edu.ucsb.cs156.gauchoride.controllers.DriverAvailabilityController,org.pitest.mutationtest.engine.gregor.mutators.VoidMethodCallMutator,postDriverAvailability,53,KILLED,edu.ucsb.cs156.gauchoride.controllers.DriverAvailabilityControllerTests.[engine:junit-jupiter]/[class:edu.ucsb.cs156.gauchoride.controllers.DriverAvailabilityControllerTests]/[method:a_driver_can_post_a_new_driverAvailability()]
DriverAvailabilityController.java,edu.ucsb.cs156.gauchoride.controllers.DriverAvailabilityController,org.pitest.mutationtest.engine.gregor.mutators.VoidMethodCallMutator,postDriverAvailability,54,KILLED,edu.ucsb.cs156.gauchoride.controllers.DriverAvailabilityControllerTests.[engine:junit-jupiter]/[class:edu.ucsb.cs156.gauchoride.controllers.DriverAvailabilityControllerTests]/[method:a_driver_can_post_a_new_driverAvailability()]
DriverAvailabilityController.java,edu.ucsb.cs156.gauchoride.controllers.DriverAvailabilityController,org.pitest.mutationtest.engine.gregor.mutators.VoidMethodCallMutator,postDriverAvailability,55,KILLED,edu.ucsb.cs156.gauchoride.controllers.DriverAvailabilityControllerTests.[engine:junit-jupiter]/[class:edu.ucsb.cs156.gauchoride.controllers.DriverAvailabilityControllerTests]/[method:a_driver_can_post_a_new_driverAvailability()]
DriverAvailabilityController.java,edu.ucsb.cs156.gauchoride.controllers.DriverAvailabilityController,org.pitest.mutationtest.engine.gregor.mutators.VoidMethodCallMutator,postDriverAvailability,56,KILLED,edu.ucsb.cs156.gauchoride.controllers.DriverAvailabilityControllerTests.[engine:junit-jupiter]/[class:edu.ucsb.cs156.gauchoride.controllers.DriverAvailabilityControllerTests]/[method:a_driver_can_post_a_new_driverAvailability()]
DriverAvailabilityController.java,edu.ucsb.cs156.gauchoride.controllers.DriverAvailabilityController,org.pitest.mutationtest.engine.gregor.mutators.returns.NullReturnValsMutator,postDriverAvailability,60,KILLED,edu.ucsb.cs156.gauchoride.controllers.DriverAvailabilityControllerTests.[engine:junit-jupiter]/[class:edu.ucsb.cs156.gauchoride.controllers.DriverAvailabilityControllerTests]/[method:a_driver_can_post_a_new_driverAvailability()]
DriverAvailabilityController.java,edu.ucsb.cs156.gauchoride.controllers.DriverAvailabilityController,org.pitest.mutationtest.engine.gregor.mutators.VoidMethodCallMutator,updateDriverAvailability,103,KILLED,edu.ucsb.cs156.gauchoride.controllers.DriverAvailabilityControllerTests.[engine:junit-jupiter]/[class:edu.ucsb.cs156.gauchoride.controllers.DriverAvailabilityControllerTests]/[method:driver_can_edit_their_own_availability()]
DriverAvailabilityController.java,edu.ucsb.cs156.gauchoride.controllers.DriverAvailabilityController,org.pitest.mutationtest.engine.gregor.mutators.VoidMethodCallMutator,updateDriverAvailability,104,KILLED,edu.ucsb.cs156.gauchoride.controllers.DriverAvailabilityControllerTests.[engine:junit-jupiter]/[class:edu.ucsb.cs156.gauchoride.controllers.DriverAvailabilityControllerTests]/[method:driver_can_edit_their_own_availability()]
DriverAvailabilityController.java,edu.ucsb.cs156.gauchoride.controllers.DriverAvailabilityController,org.pitest.mutationtest.engine.gregor.mutators.VoidMethodCallMutator,updateDriverAvailability,105,KILLED,edu.ucsb.cs156.gauchoride.controllers.DriverAvailabilityControllerTests.[engine:junit-jupiter]/[class:edu.ucsb.cs156.gauchoride.controllers.DriverAvailabilityControllerTests]/[method:driver_can_edit_their_own_availability()]
DriverAvailabilityController.java,edu.ucsb.cs156.gauchoride.controllers.DriverAvailabilityController,org.pitest.mutationtest.engine.gregor.mutators.VoidMethodCallMutator,updateDriverAvailability,106,KILLED,edu.ucsb.cs156.gauchoride.controllers.DriverAvailabilityControllerTests.[engine:junit-jupiter]/[class:edu.ucsb.cs156.gauchoride.controllers.DriverAvailabilityControllerTests]/[method:driver_can_edit_their_own_availability()]
DriverAvailabilityController.java,edu.ucsb.cs156.gauchoride.controllers.DriverAvailabilityController,org.pitest.mutationtest.engine.gregor.mutators.VoidMethodCallMutator,updateDriverAvailability,107,KILLED,edu.ucsb.cs156.gauchoride.controllers.DriverAvailabilityControllerTests.[engine:junit-jupiter]/[class:edu.ucsb.cs156.gauchoride.controllers.DriverAvailabilityControllerTests]/[method:driver_can_edit_their_own_availability()]
DriverAvailabilityController.java,edu.ucsb.cs156.gauchoride.controllers.DriverAvailabilityController,org.pitest.mutationtest.engine.gregor.mutators.returns.NullReturnValsMutator,updateDriverAvailability,110,KILLED,edu.ucsb.cs156.gauchoride.controllers.DriverAvailabilityControllerTests.[engine:junit-jupiter]/[class:edu.ucsb.cs156.gauchoride.controllers.DriverAvailabilityControllerTests]/[method:driver_can_edit_their_own_availability()]
DriversController.java,edu.ucsb.cs156.gauchoride.controllers.DriversController,org.pitest.mutationtest.engine.gregor.mutators.NegateConditionalsMutator,driver,61,KILLED,edu.ucsb.cs156.gauchoride.controllers.DriversControllerTests.[engine:junit-jupiter]/[class:edu.ucsb.cs156.gauchoride.controllers.DriversControllerTests]/[method:returns_no_info_for_non_drivers()]
DriversController.java,edu.ucsb.cs156.gauchoride.controllers.DriversController,org.pitest.mutationtest.engine.gregor.mutators.VoidMethodCallMutator,driver,62,KILLED,edu.ucsb.cs156.gauchoride.controllers.DriversControllerTests.[engine:junit-jupiter]/[class:edu.ucsb.cs156.gauchoride.controllers.DriversControllerTests]/[method:returns_info_for_drivers()]
DriversController.java,edu.ucsb.cs156.gauchoride.controllers.DriversController,org.pitest.mutationtest.engine.gregor.mutators.VoidMethodCallMutator,driver,63,KILLED,edu.ucsb.cs156.gauchoride.controllers.DriversControllerTests.[engine:junit-jupiter]/[class:edu.ucsb.cs156.gauchoride.controllers.DriversControllerTests]/[method:returns_info_for_drivers()]
DriversController.java,edu.ucsb.cs156.gauchoride.controllers.DriversController,org.pitest.mutationtest.engine.gregor.mutators.VoidMethodCallMutator,driver,64,KILLED,edu.ucsb.cs156.gauchoride.controllers.DriversControllerTests.[engine:junit-jupiter]/[class:edu.ucsb.cs156.gauchoride.controllers.DriversControllerTests]/[method:returns_info_for_drivers()]
DriversController.java,edu.ucsb.cs156.gauchoride.controllers.DriversController,org.pitest.mutationtest.engine.gregor.mutators.VoidMethodCallMutator,driver,65,KILLED,edu.ucsb.cs156.gauchoride.controllers.DriversControllerTests.[engine:junit-jupiter]/[class:edu.ucsb.cs156.gauchoride.controllers.DriversControllerTests]/[method:returns_info_for_drivers()]
DriversController.java,edu.ucsb.cs156.gauchoride.controllers.DriversController,org.pitest.mutationtest.engine.gregor.mutators.returns.NullReturnValsMutator,driver,67,KILLED,edu.ucsb.cs156.gauchoride.controllers.DriversControllerTests.[engine:junit-jupiter]/[class:edu.ucsb.cs156.gauchoride.controllers.DriversControllerTests]/[method:returns_no_info_for_non_drivers()]
DriversController.java,edu.ucsb.cs156.gauchoride.controllers.DriversController,org.pitest.mutationtest.engine.gregor.mutators.returns.NullReturnValsMutator,drivers,47,KILLED,edu.ucsb.cs156.gauchoride.controllers.DriversControllerTests.[engine:junit-jupiter]/[class:edu.ucsb.cs156.gauchoride.controllers.DriversControllerTests]/[method:test1()]
DriversController.java,edu.ucsb.cs156.gauchoride.controllers.DriversController,org.pitest.mutationtest.engine.gregor.mutators.returns.NullReturnValsMutator,lambda$driver$0,57,KILLED,edu.ucsb.cs156.gauchoride.controllers.DriversControllerTests.[engine:junit-jupiter]/[class:edu.ucsb.cs156.gauchoride.controllers.DriversControllerTests]/[method:search_for_user_that_does_not_exist()]
RideController.java,edu.ucsb.cs156.gauchoride.controllers.RideController,org.pitest.mutationtest.engine.gregor.mutators.NegateConditionalsMutator,allRides,42,KILLED,edu.ucsb.cs156.gauchoride.controllers.RideControllerTests.[engine:junit-jupiter]/[class:edu.ucsb.cs156.gauchoride.controllers.RideControllerTests]/[method:logged_in_admin_can_get_all_rides()]
RideController.java,edu.ucsb.cs156.gauchoride.controllers.RideController,org.pitest.mutationtest.engine.gregor.mutators.NegateConditionalsMutator,allRides,43,KILLED,edu.ucsb.cs156.gauchoride.controllers.RideControllerTests.[engine:junit-jupiter]/[class:edu.ucsb.cs156.gauchoride.controllers.RideControllerTests]/[method:logged_in_user_can_get_all_their_own_rides()]
RideController.java,edu.ucsb.cs156.gauchoride.controllers.RideController,org.pitest.mutationtest.engine.gregor.mutators.returns.NullReturnValsMutator,allRides,49,KILLED,edu.ucsb.cs156.gauchoride.controllers.RideControllerTests.[engine:junit-jupiter]/[class:edu.ucsb.cs156.gauchoride.controllers.RideControllerTests]/[method:logged_in_admin_can_get_all_rides()]
RideController.java,edu.ucsb.cs156.gauchoride.controllers.RideController,org.pitest.mutationtest.engine.gregor.mutators.returns.NullReturnValsMutator,allRidesByShiftId,84,KILLED,edu.ucsb.cs156.gauchoride.controllers.RideControllerTests.[engine:junit-jupiter]/[class:edu.ucsb.cs156.gauchoride.controllers.RideControllerTests]/[method:logged_in_driver_can_get_rides_by_shift_id()]
RideController.java,edu.ucsb.cs156.gauchoride.controllers.RideController,org.pitest.mutationtest.engine.gregor.mutators.VoidMethodCallMutator,assigndriverRide,213,KILLED,edu.ucsb.cs156.gauchoride.controllers.RideControllerTests.[engine:junit-jupiter]/[class:edu.ucsb.cs156.gauchoride.controllers.RideControllerTests]/[method:admin_can_assign_shiftId_to_a_ride()]
RideController.java,edu.ucsb.cs156.gauchoride.controllers.RideController,org.pitest.mutationtest.engine.gregor.mutators.returns.NullReturnValsMutator,assigndriverRide,217,KILLED,edu.ucsb.cs156.gauchoride.controllers.RideControllerTests.[engine:junit-jupiter]/[class:edu.ucsb.cs156.gauchoride.controllers.RideControllerTests]/[method:admin_can_assign_shiftId_to_a_ride()]
RideController.java,edu.ucsb.cs156.gauchoride.controllers.RideController,org.pitest.mutationtest.engine.gregor.mutators.NegateConditionalsMutator,deleteRide,150,KILLED,edu.ucsb.cs156.gauchoride.controllers.RideControllerTests.[engine:junit-jupiter]/[class:edu.ucsb.cs156.gauchoride.controllers.RideControllerTests]/[method:admin_tries_to_delete_non_existant_ride_and_gets_right_error_message()]
RideController.java,edu.ucsb.cs156.gauchoride.controllers.RideController,org.pitest.mutationtest.engine.gregor.mutators.NegateConditionalsMutator,deleteRide,151,KILLED,edu.ucsb.cs156.gauchoride.controllers.RideControllerTests.[engine:junit-jupiter]/[class:edu.ucsb.cs156.gauchoride.controllers.RideControllerTests]/[method:user_can_delete_their_own_ride()]
RideController.java,edu.ucsb.cs156.gauchoride.controllers.RideController,org.pitest.mutationtest.engine.gregor.mutators.VoidMethodCallMutator,deleteRide,159,KILLED,edu.ucsb.cs156.gauchoride.controllers.RideControllerTests.[engine:junit-jupiter]/[class:edu.ucsb.cs156.gauchoride.controllers.RideControllerTests]/[method:user_can_delete_their_own_ride()]
RideController.java,edu.ucsb.cs156.gauchoride.controllers.RideController,org.pitest.mutationtest.engine.gregor.mutators.returns.NullReturnValsMutator,deleteRide,160,KILLED,edu.ucsb.cs156.gauchoride.controllers.RideControllerTests.[engine:junit-jupiter]/[class:edu.ucsb.cs156.gauchoride.controllers.RideControllerTests]/[method:user_can_delete_their_own_ride()]
RideController.java,edu.ucsb.cs156.gauchoride.controllers.RideController,org.pitest.mutationtest.engine.gregor.mutators.NegateConditionalsMutator,getById,61,KILLED,edu.ucsb.cs156.gauchoride.controllers.RideControllerTests.[engine:junit-jupiter]/[class:edu.ucsb.cs156.gauchoride.controllers.RideControllerTests]/[method:test_that_logged_in_admin_can_get_by_id_when_the_id_does_not_exist()]
RideController.java,edu.ucsb.cs156.gauchoride.controllers.RideController,org.pitest.mutationtest.engine.gregor.mutators.NegateConditionalsMutator,getById,62,KILLED,edu.ucsb.cs156.gauchoride.controllers.RideControllerTests.[engine:junit-jupiter]/[class:edu.ucsb.cs156.gauchoride.controllers.RideControllerTests]/[method:test_that_logged_in_user_can_get_by_id_when_the_id_exists_and_user_id_matches()]
RideController.java,edu.ucsb.cs156.gauchoride.controllers.RideController,org.pitest.mutationtest.engine.gregor.mutators.returns.NullReturnValsMutator,getById,70,KILLED,edu.ucsb.cs156.gauchoride.controllers.RideControllerTests.[engine:junit-jupiter]/[class:edu.ucsb.cs156.gauchoride.controllers.RideControllerTests]/[method:test_that_logged_in_user_can_get_by_id_when_the_id_exists_and_user_id_matches()]
RideController.java,edu.ucsb.cs156.gauchoride.controllers.RideController,org.pitest.mutationtest.engine.gregor.mutators.returns.NullReturnValsMutator,lambda$assigndriverRide$6,211,KILLED,edu.ucsb.cs156.gauchoride.controllers.RideControllerTests.[engine:junit-jupiter]/[class:edu.ucsb.cs156.gauchoride.controllers.RideControllerTests]/[method:admin_cant_assigndriver_for_non_existent_ride_id()]
RideController.java,edu.ucsb.cs156.gauchoride.controllers.RideController,org.pitest.mutationtest.engine.gregor.mutators.returns.NullReturnValsMutator,lambda$deleteRide$2,153,KILLED,edu.ucsb.cs156.gauchoride.controllers.RideControllerTests.[engine:junit-jupiter]/[class:edu.ucsb.cs156.gauchoride.controllers.RideControllerTests]/[method:admin_tries_to_delete_non_existant_ride_and_gets_right_error_message()]
RideController.java,edu.ucsb.cs156.gauchoride.controllers.RideController,org.pitest.mutationtest.engine.gregor.mutators.returns.NullReturnValsMutator,lambda$deleteRide$3,156,KILLED,edu.ucsb.cs156.gauchoride.controllers.RideControllerTests.[engine:junit-jupiter]/[class:edu.ucsb.cs156.gauchoride.controllers.RideControllerTests]/[method:user_tries_to_delete_non_existant_ride_and_gets_right_error_message()]
RideController.java,edu.ucsb.cs156.gauchoride.controllers.RideController,org.pitest.mutationtest.engine.gregor.mutators.returns.NullReturnValsMutator,lambda$getById$0,64,KILLED,edu.ucsb.cs156.gauchoride.controllers.RideControllerTests.[engine:junit-jupiter]/[class:edu.ucsb.cs156.gauchoride.controllers.RideControllerTests]/[method:logged_in_admin_can_get_by_id()]
RideController.java,edu.ucsb.cs156.gauchoride.controllers.RideController,org.pitest.mutationtest.engine.gregor.mutators.returns.NullReturnValsMutator,lambda$getById$1,67,KILLED,edu.ucsb.cs156.gauchoride.controllers.RideControllerTests.[engine:junit-jupiter]/[class:edu.ucsb.cs156.gauchoride.controllers.RideControllerTests]/[method:logged_in_users_can_get_by_id_that_is_theirs()]
RideController.java,edu.ucsb.cs156.gauchoride.controllers.RideController,org.pitest.mutationtest.engine.gregor.mutators.returns.NullReturnValsMutator,lambda$updateRide$4,178,KILLED,edu.ucsb.cs156.gauchoride.controllers.RideControllerTests.[engine:junit-jupiter]/[class:edu.ucsb.cs156.gauchoride.controllers.RideControllerTests]/[method:admin_cannot_edit_ride_that_does_not_exist()]
RideController.java,edu.ucsb.cs156.gauchoride.controllers.RideController,org.pitest.mutationtest.engine.gregor.mutators.returns.NullReturnValsMutator,lambda$updateRide$5,181,KILLED,edu.ucsb.cs156.gauchoride.controllers.RideControllerTests.[engine:junit-jupiter]/[class:edu.ucsb.cs156.gauchoride.controllers.RideControllerTests]/[method:user_canot_edit_other_users_ride()]
RideController.java,edu.ucsb.cs156.gauchoride.controllers.RideController,org.pitest.mutationtest.engine.gregor.mutators.VoidMethodCallMutator,postRide,123,KILLED,edu.ucsb.cs156.gauchoride.controllers.RideControllerTests.[engine:junit-jupiter]/[class:edu.ucsb.cs156.gauchoride.controllers.RideControllerTests]/[method:a_user_can_post_a_new_ride()]
RideController.java,edu.ucsb.cs156.gauchoride.controllers.RideController,org.pitest.mutationtest.engine.gregor.mutators.VoidMethodCallMutator,postRide,124,KILLED,edu.ucsb.cs156.gauchoride.controllers.RideControllerTests.[engine:junit-jupiter]/[class:edu.ucsb.cs156.gauchoride.controllers.RideControllerTests]/[method:a_user_can_post_a_new_ride()]
RideController.java,edu.ucsb.cs156.gauchoride.controllers.RideController,org.pitest.mutationtest.engine.gregor.mutators.VoidMethodCallMutator,postRide,125,KILLED,edu.ucsb.cs156.gauchoride.controllers.RideControllerTests.[engine:junit-jupiter]/[class:edu.ucsb.cs156.gauchoride.controllers.RideControllerTests]/[method:a_user_can_post_a_new_ride()]
RideController.java,edu.ucsb.cs156.gauchoride.controllers.RideController,org.pitest.mutationtest.engine.gregor.mutators.VoidMethodCallMutator,postRide,126,KILLED,edu.ucsb.cs156.gauchoride.controllers.RideControllerTests.[engine:junit-jupiter]/[class:edu.ucsb.cs156.gauchoride.controllers.RideControllerTests]/[method:a_user_can_post_a_new_ride()]
RideController.java,edu.ucsb.cs156.gauchoride.controllers.RideController,org.pitest.mutationtest.engine.gregor.mutators.VoidMethodCallMutator,postRide,127,KILLED,edu.ucsb.cs156.gauchoride.controllers.RideControllerTests.[engine:junit-jupiter]/[class:edu.ucsb.cs156.gauchoride.controllers.RideControllerTests]/[method:a_user_can_post_a_new_ride()]
RideController.java,edu.ucsb.cs156.gauchoride.controllers.RideController,org.pitest.mutationtest.engine.gregor.mutators.VoidMethodCallMutator,postRide,128,KILLED,edu.ucsb.cs156.gauchoride.controllers.RideControllerTests.[engine:junit-jupiter]/[class:edu.ucsb.cs156.gauchoride.controllers.RideControllerTests]/[method:a_user_can_post_a_new_ride()]
RideController.java,edu.ucsb.cs156.gauchoride.controllers.RideController,org.pitest.mutationtest.engine.gregor.mutators.VoidMethodCallMutator,postRide,129,KILLED,edu.ucsb.cs156.gauchoride.controllers.RideControllerTests.[engine:junit-jupiter]/[class:edu.ucsb.cs156.gauchoride.controllers.RideControllerTests]/[method:a_user_can_post_a_new_ride()]
RideController.java,edu.ucsb.cs156.gauchoride.controllers.RideController,org.pitest.mutationtest.engine.gregor.mutators.VoidMethodCallMutator,postRide,130,KILLED,edu.ucsb.cs156.gauchoride.controllers.RideControllerTests.[engine:junit-jupiter]/[class:edu.ucsb.cs156.gauchoride.controllers.RideControllerTests]/[method:a_user_can_post_a_new_ride()]
RideController.java,edu.ucsb.cs156.gauchoride.controllers.RideController,org.pitest.mutationtest.engine.gregor.mutators.VoidMethodCallMutator,postRide,131,KILLED,edu.ucsb.cs156.gauchoride.controllers.RideControllerTests.[engine:junit-jupiter]/[class:edu.ucsb.cs156.gauchoride.controllers.RideControllerTests]/[method:a_user_can_post_a_new_ride()]
RideController.java,edu.ucsb.cs156.gauchoride.controllers.RideController,org.pitest.mutationtest.engine.gregor.mutators.VoidMethodCallMutator,postRide,132,KILLED,edu.ucsb.cs156.gauchoride.controllers.RideControllerTests.[engine:junit-jupiter]/[class:edu.ucsb.cs156.gauchoride.controllers.RideControllerTests]/[method:a_user_can_post_a_new_ride()]
RideController.java,edu.ucsb.cs156.gauchoride.controllers.RideController,org.pitest.mutationtest.engine.gregor.mutators.VoidMethodCallMutator,postRide,133,KILLED,edu.ucsb.cs156.gauchoride.controllers.RideControllerTests.[engine:junit-jupiter]/[class:edu.ucsb.cs156.gauchoride.controllers.RideControllerTests]/[method:a_user_can_post_a_new_ride()]
RideController.java,edu.ucsb.cs156.gauchoride.controllers.RideController,org.pitest.mutationtest.engine.gregor.mutators.returns.NullReturnValsMutator,postRide,137,KILLED,edu.ucsb.cs156.gauchoride.controllers.RideControllerTests.[engine:junit-jupiter]/[class:edu.ucsb.cs156.gauchoride.controllers.RideControllerTests]/[method:a_user_can_post_a_new_ride()]
RideController.java,edu.ucsb.cs156.gauchoride.controllers.RideController,org.pitest.mutationtest.engine.gregor.mutators.NegateConditionalsMutator,updateRide,175,KILLED,edu.ucsb.cs156.gauchoride.controllers.RideControllerTests.[engine:junit-jupiter]/[class:edu.ucsb.cs156.gauchoride.controllers.RideControllerTests]/[method:user_canot_edit_other_users_ride()]
RideController.java,edu.ucsb.cs156.gauchoride.controllers.RideController,org.pitest.mutationtest.engine.gregor.mutators.NegateConditionalsMutator,updateRide,176,KILLED,edu.ucsb.cs156.gauchoride.controllers.RideControllerTests.[engine:junit-jupiter]/[class:edu.ucsb.cs156.gauchoride.controllers.RideControllerTests]/[method:user_canot_edit_other_users_ride()]
RideController.java,edu.ucsb.cs156.gauchoride.controllers.RideController,org.pitest.mutationtest.engine.gregor.mutators.VoidMethodCallMutator,updateRide,184,KILLED,edu.ucsb.cs156.gauchoride.controllers.RideControllerTests.[engine:junit-jupiter]/[class:edu.ucsb.cs156.gauchoride.controllers.RideControllerTests]/[method:admin_can_edit_an_existing_ride()]
RideController.java,edu.ucsb.cs156.gauchoride.controllers.RideController,org.pitest.mutationtest.engine.gregor.mutators.VoidMethodCallMutator,updateRide,185,KILLED,edu.ucsb.cs156.gauchoride.controllers.RideControllerTests.[engine:junit-jupiter]/[class:edu.ucsb.cs156.gauchoride.controllers.RideControllerTests]/[method:admin_can_edit_an_existing_ride()]
RideController.java,edu.ucsb.cs156.gauchoride.controllers.RideController,org.pitest.mutationtest.engine.gregor.mutators.VoidMethodCallMutator,updateRide,186,KILLED,edu.ucsb.cs156.gauchoride.controllers.RideControllerTests.[engine:junit-jupiter]/[class:edu.ucsb.cs156.gauchoride.controllers.RideControllerTests]/[method:admin_can_edit_an_existing_ride()]
RideController.java,edu.ucsb.cs156.gauchoride.controllers.RideController,org.pitest.mutationtest.engine.gregor.mutators.VoidMethodCallMutator,updateRide,187,KILLED,edu.ucsb.cs156.gauchoride.controllers.RideControllerTests.[engine:junit-jupiter]/[class:edu.ucsb.cs156.gauchoride.controllers.RideControllerTests]/[method:admin_can_edit_an_existing_ride()]
RideController.java,edu.ucsb.cs156.gauchoride.controllers.RideController,org.pitest.mutationtest.engine.gregor.mutators.VoidMethodCallMutator,updateRide,188,KILLED,edu.ucsb.cs156.gauchoride.controllers.RideControllerTests.[engine:junit-jupiter]/[class:edu.ucsb.cs156.gauchoride.controllers.RideControllerTests]/[method:admin_can_edit_an_existing_ride()]
RideController.java,edu.ucsb.cs156.gauchoride.controllers.RideController,org.pitest.mutationtest.engine.gregor.mutators.VoidMethodCallMutator,updateRide,189,KILLED,edu.ucsb.cs156.gauchoride.controllers.RideControllerTests.[engine:junit-jupiter]/[class:edu.ucsb.cs156.gauchoride.controllers.RideControllerTests]/[method:admin_can_edit_an_existing_ride()]
RideController.java,edu.ucsb.cs156.gauchoride.controllers.RideController,org.pitest.mutationtest.engine.gregor.mutators.VoidMethodCallMutator,updateRide,190,KILLED,edu.ucsb.cs156.gauchoride.controllers.RideControllerTests.[engine:junit-jupiter]/[class:edu.ucsb.cs156.gauchoride.controllers.RideControllerTests]/[method:admin_can_edit_an_existing_ride()]
RideController.java,edu.ucsb.cs156.gauchoride.controllers.RideController,org.pitest.mutationtest.engine.gregor.mutators.VoidMethodCallMutator,updateRide,191,KILLED,edu.ucsb.cs156.gauchoride.controllers.RideControllerTests.[engine:junit-jupiter]/[class:edu.ucsb.cs156.gauchoride.controllers.RideControllerTests]/[method:admin_can_edit_an_existing_ride()]
RideController.java,edu.ucsb.cs156.gauchoride.controllers.RideController,org.pitest.mutationtest.engine.gregor.mutators.VoidMethodCallMutator,updateRide,192,KILLED,edu.ucsb.cs156.gauchoride.controllers.RideControllerTests.[engine:junit-jupiter]/[class:edu.ucsb.cs156.gauchoride.controllers.RideControllerTests]/[method:admin_can_edit_an_existing_ride()]
RideController.java,edu.ucsb.cs156.gauchoride.controllers.RideController,org.pitest.mutationtest.engine.gregor.mutators.returns.NullReturnValsMutator,updateRide,196,KILLED,edu.ucsb.cs156.gauchoride.controllers.RideControllerTests.[engine:junit-jupiter]/[class:edu.ucsb.cs156.gauchoride.controllers.RideControllerTests]/[method:admin_can_edit_an_existing_ride()]
ShiftController.java,edu.ucsb.cs156.gauchoride.controllers.ShiftController,org.pitest.mutationtest.engine.gregor.mutators.returns.NullReturnValsMutator,allShifts,51,KILLED,edu.ucsb.cs156.gauchoride.controllers.ShiftControllerTests.[engine:junit-jupiter]/[class:edu.ucsb.cs156.gauchoride.controllers.ShiftControllerTests]/[method:logged_in_driver_can_get_all_shifts()]
ShiftController.java,edu.ucsb.cs156.gauchoride.controllers.ShiftController,org.pitest.mutationtest.engine.gregor.mutators.VoidMethodCallMutator,deleteShift,111,KILLED,edu.ucsb.cs156.gauchoride.controllers.ShiftControllerTests.[engine:junit-jupiter]/[class:edu.ucsb.cs156.gauchoride.controllers.ShiftControllerTests]/[method:admin_can_delete_a_shift()]
ShiftController.java,edu.ucsb.cs156.gauchoride.controllers.ShiftController,org.pitest.mutationtest.engine.gregor.mutators.returns.NullReturnValsMutator,deleteShift,112,KILLED,edu.ucsb.cs156.gauchoride.controllers.ShiftControllerTests.[engine:junit-jupiter]/[class:edu.ucsb.cs156.gauchoride.controllers.ShiftControllerTests]/[method:admin_can_delete_a_shift()]
ShiftController.java,edu.ucsb.cs156.gauchoride.controllers.ShiftController,org.pitest.mutationtest.engine.gregor.mutators.returns.NullReturnValsMutator,driverShifts,73,KILLED,edu.ucsb.cs156.gauchoride.controllers.ShiftControllerTests.[engine:junit-jupiter]/[class:edu.ucsb.cs156.gauchoride.controllers.ShiftControllerTests]/[method:logged_in_driver_can_get_all_their_shifts()]
ShiftController.java,edu.ucsb.cs156.gauchoride.controllers.ShiftController,org.pitest.mutationtest.engine.gregor.mutators.returns.NullReturnValsMutator,lambda$deleteShift$1,109,KILLED,edu.ucsb.cs156.gauchoride.controllers.ShiftControllerTests.[engine:junit-jupiter]/[class:edu.ucsb.cs156.gauchoride.controllers.ShiftControllerTests]/[method:admin_tries_to_delete_non_existant_shift_and_gets_right_error_message()]
ShiftController.java,edu.ucsb.cs156.gauchoride.controllers.ShiftController,org.pitest.mutationtest.engine.gregor.mutators.returns.NullReturnValsMutator,lambda$shiftByID$0,61,KILLED,edu.ucsb.cs156.gauchoride.controllers.ShiftControllerTests.[engine:junit-jupiter]/[class:edu.ucsb.cs156.gauchoride.controllers.ShiftControllerTests]/[method:logged_in_admin_can_get_by_id()]
ShiftController.java,edu.ucsb.cs156.gauchoride.controllers.ShiftController,org.pitest.mutationtest.engine.gregor.mutators.returns.NullReturnValsMutator,lambda$updateReview$2,123,KILLED,edu.ucsb.cs156.gauchoride.controllers.ShiftControllerTests.[engine:junit-jupiter]/[class:edu.ucsb.cs156.gauchoride.controllers.ShiftControllerTests]/[method:admin_cannot_edit_shift_that_does_not_exist()]
ShiftController.java,edu.ucsb.cs156.gauchoride.controllers.ShiftController,org.pitest.mutationtest.engine.gregor.mutators.VoidMethodCallMutator,postShift,91,KILLED,edu.ucsb.cs156.gauchoride.controllers.ShiftControllerTests.[engine:junit-jupiter]/[class:edu.ucsb.cs156.gauchoride.controllers.ShiftControllerTests]/[method:an_admin_can_post_a_new_shift()]
ShiftController.java,edu.ucsb.cs156.gauchoride.controllers.ShiftController,org.pitest.mutationtest.engine.gregor.mutators.VoidMethodCallMutator,postShift,92,KILLED,edu.ucsb.cs156.gauchoride.controllers.ShiftControllerTests.[engine:junit-jupiter]/[class:edu.ucsb.cs156.gauchoride.controllers.ShiftControllerTests]/[method:an_admin_can_post_a_new_shift()]
ShiftController.java,edu.ucsb.cs156.gauchoride.controllers.ShiftController,org.pitest.mutationtest.engine.gregor.mutators.VoidMethodCallMutator,postShift,93,KILLED,edu.ucsb.cs156.gauchoride.controllers.ShiftControllerTests.[engine:junit-jupiter]/[class:edu.ucsb.cs156.gauchoride.controllers.ShiftControllerTests]/[method:an_admin_can_post_a_new_shift()]
ShiftController.java,edu.ucsb.cs156.gauchoride.controllers.ShiftController,org.pitest.mutationtest.engine.gregor.mutators.VoidMethodCallMutator,postShift,94,KILLED,edu.ucsb.cs156.gauchoride.controllers.ShiftControllerTests.[engine:junit-jupiter]/[class:edu.ucsb.cs156.gauchoride.controllers.ShiftControllerTests]/[method:an_admin_can_post_a_new_shift()]
ShiftController.java,edu.ucsb.cs156.gauchoride.controllers.ShiftController,org.pitest.mutationtest.engine.gregor.mutators.VoidMethodCallMutator,postShift,95,KILLED,edu.ucsb.cs156.gauchoride.controllers.ShiftControllerTests.[engine:junit-jupiter]/[class:edu.ucsb.cs156.gauchoride.controllers.ShiftControllerTests]/[method:an_admin_can_post_a_new_shift()]
ShiftController.java,edu.ucsb.cs156.gauchoride.controllers.ShiftController,org.pitest.mutationtest.engine.gregor.mutators.returns.NullReturnValsMutator,postShift,99,KILLED,edu.ucsb.cs156.gauchoride.controllers.ShiftControllerTests.[engine:junit-jupiter]/[class:edu.ucsb.cs156.gauchoride.controllers.ShiftControllerTests]/[method:an_admin_can_post_a_new_shift()]
ShiftController.java,edu.ucsb.cs156.gauchoride.controllers.ShiftController,org.pitest.mutationtest.engine.gregor.mutators.returns.NullReturnValsMutator,shiftByID,62,KILLED,edu.ucsb.cs156.gauchoride.controllers.ShiftControllerTests.[engine:junit-jupiter]/[class:edu.ucsb.cs156.gauchoride.controllers.ShiftControllerTests]/[method:test_that_logged_in_admin_can_get_by_id_when_the_id_exists()]
ShiftController.java,edu.ucsb.cs156.gauchoride.controllers.ShiftController,org.pitest.mutationtest.engine.gregor.mutators.VoidMethodCallMutator,updateReview,125,KILLED,edu.ucsb.cs156.gauchoride.controllers.ShiftControllerTests.[engine:junit-jupiter]/[class:edu.ucsb.cs156.gauchoride.controllers.ShiftControllerTests]/[method:admin_can_edit_an_existing_shift()]
ShiftController.java,edu.ucsb.cs156.gauchoride.controllers.ShiftController,org.pitest.mutationtest.engine.gregor.mutators.VoidMethodCallMutator,updateReview,126,KILLED,edu.ucsb.cs156.gauchoride.controllers.ShiftControllerTests.[engine:junit-jupiter]/[class:edu.ucsb.cs156.gauchoride.controllers.ShiftControllerTests]/[method:admin_can_edit_an_existing_shift()]
ShiftController.java,edu.ucsb.cs156.gauchoride.controllers.ShiftController,org.pitest.mutationtest.engine.gregor.mutators.VoidMethodCallMutator,updateReview,127,KILLED,edu.ucsb.cs156.gauchoride.controllers.ShiftControllerTests.[engine:junit-jupiter]/[class:edu.ucsb.cs156.gauchoride.controllers.ShiftControllerTests]/[method:admin_can_edit_an_existing_shift()]
ShiftController.java,edu.ucsb.cs156.gauchoride.controllers.ShiftController,org.pitest.mutationtest.engine.gregor.mutators.VoidMethodCallMutator,updateReview,128,KILLED,edu.ucsb.cs156.gauchoride.controllers.ShiftControllerTests.[engine:junit-jupiter]/[class:edu.ucsb.cs156.gauchoride.controllers.ShiftControllerTests]/[method:admin_can_edit_an_existing_shift()]
ShiftController.java,edu.ucsb.cs156.gauchoride.controllers.ShiftController,org.pitest.mutationtest.engine.gregor.mutators.VoidMethodCallMutator,updateReview,129,KILLED,edu.ucsb.cs156.gauchoride.controllers.ShiftControllerTests.[engine:junit-jupiter]/[class:edu.ucsb.cs156.gauchoride.controllers.ShiftControllerTests]/[method:admin_can_edit_an_existing_shift()]
ShiftController.java,edu.ucsb.cs156.gauchoride.controllers.ShiftController,org.pitest.mutationtest.engine.gregor.mutators.returns.NullReturnValsMutator,updateReview,133,KILLED,edu.ucsb.cs156.gauchoride.controllers.ShiftControllerTests.[engine:junit-jupiter]/[class:edu.ucsb.cs156.gauchoride.controllers.ShiftControllerTests]/[method:admin_can_edit_an_existing_shift()]
SystemInfoController.java,edu.ucsb.cs156.gauchoride.controllers.SystemInfoController,org.pitest.mutationtest.engine.gregor.mutators.returns.NullReturnValsMutator,getSystemInfo,32,KILLED,edu.ucsb.cs156.gauchoride.controllers.SystemInfoControllerTests.[engine:junit-jupiter]/[class:edu.ucsb.cs156.gauchoride.controllers.SystemInfoControllerTests]/[method:systemInfo__admin_logged_in()]
UserInfoController.java,edu.ucsb.cs156.gauchoride.controllers.UserInfoController,org.pitest.mutationtest.engine.gregor.mutators.returns.NullReturnValsMutator,getCurrentUser,24,KILLED,edu.ucsb.cs156.gauchoride.controllers.UserInfoControllerTests.[engine:junit-jupiter]/[class:edu.ucsb.cs156.gauchoride.controllers.UserInfoControllerTests]/[method:currentUser__logged_in()]
UserProfileController.java,edu.ucsb.cs156.gauchoride.controllers.UserProfileController,org.pitest.mutationtest.engine.gregor.mutators.returns.NullReturnValsMutator,lambda$updateCellPhone$0,44,KILLED,edu.ucsb.cs156.gauchoride.controllers.UserProfileControllerTests.[engine:junit-jupiter]/[class:edu.ucsb.cs156.gauchoride.controllers.UserProfileControllerTests]/[method:User_can_change_their_phone_Number1()]
UserProfileController.java,edu.ucsb.cs156.gauchoride.controllers.UserProfileController,org.pitest.mutationtest.engine.gregor.mutators.VoidMethodCallMutator,updateCellPhone,45,KILLED,edu.ucsb.cs156.gauchoride.controllers.UserProfileControllerTests.[engine:junit-jupiter]/[class:edu.ucsb.cs156.gauchoride.controllers.UserProfileControllerTests]/[method:User_can_change_their_phone_Number()]
UserProfileController.java,edu.ucsb.cs156.gauchoride.controllers.UserProfileController,org.pitest.mutationtest.engine.gregor.mutators.returns.NullReturnValsMutator,updateCellPhone,47,KILLED,edu.ucsb.cs156.gauchoride.controllers.UserProfileControllerTests.[engine:junit-jupiter]/[class:edu.ucsb.cs156.gauchoride.controllers.UserProfileControllerTests]/[method:User_can_change_their_phone_Number()]
UsersController.java,edu.ucsb.cs156.gauchoride.controllers.UsersController,org.pitest.mutationtest.engine.gregor.mutators.VoidMethodCallMutator,deleteUser_Admin,66,KILLED,edu.ucsb.cs156.gauchoride.controllers.UsersControllerTests.[engine:junit-jupiter]/[class:edu.ucsb.cs156.gauchoride.controllers.UsersControllerTests]/[method:admin_can_delete_a_user()]
UsersController.java,edu.ucsb.cs156.gauchoride.controllers.UsersController,org.pitest.mutationtest.engine.gregor.mutators.returns.NullReturnValsMutator,deleteUser_Admin,68,KILLED,edu.ucsb.cs156.gauchoride.controllers.UsersControllerTests.[engine:junit-jupiter]/[class:edu.ucsb.cs156.gauchoride.controllers.UsersControllerTests]/[method:admin_can_delete_a_user()]
UsersController.java,edu.ucsb.cs156.gauchoride.controllers.UsersController,org.pitest.mutationtest.engine.gregor.mutators.returns.NullReturnValsMutator,lambda$deleteUser_Admin$1,64,KILLED,edu.ucsb.cs156.gauchoride.controllers.UsersControllerTests.[engine:junit-jupiter]/[class:edu.ucsb.cs156.gauchoride.controllers.UsersControllerTests]/[method:admin_tries_to_delete_non_existant_user_and_gets_right_error_message()]
UsersController.java,edu.ucsb.cs156.gauchoride.controllers.UsersController,org.pitest.mutationtest.engine.gregor.mutators.returns.NullReturnValsMutator,lambda$toggleAdmin$2,77,KILLED,edu.ucsb.cs156.gauchoride.controllers.UsersControllerTests.[engine:junit-jupiter]/[class:edu.ucsb.cs156.gauchoride.controllers.UsersControllerTests]/[method:admin_tries_to_toggleAdmin_non_existant_user_and_gets_right_error_message()]
UsersController.java,edu.ucsb.cs156.gauchoride.controllers.UsersController,org.pitest.mutationtest.engine.gregor.mutators.returns.NullReturnValsMutator,lambda$toggleDriver$3,91,KILLED,edu.ucsb.cs156.gauchoride.controllers.UsersControllerTests.[engine:junit-jupiter]/[class:edu.ucsb.cs156.gauchoride.controllers.UsersControllerTests]/[method:admin_tries_to_toggle_driver_for_non_existant_user_and_gets_right_error_message()]
UsersController.java,edu.ucsb.cs156.gauchoride.controllers.UsersController,org.pitest.mutationtest.engine.gregor.mutators.returns.NullReturnValsMutator,lambda$toggleRider$4,103,KILLED,edu.ucsb.cs156.gauchoride.controllers.UsersControllerTests.[engine:junit-jupiter]/[class:edu.ucsb.cs156.gauchoride.controllers.UsersControllerTests]/[method:admin_tries_to_toggle_rider_for_non_existant_user_and_gets_right_error_message()]
UsersController.java,edu.ucsb.cs156.gauchoride.controllers.UsersController,org.pitest.mutationtest.engine.gregor.mutators.returns.NullReturnValsMutator,lambda$users$0,54,KILLED,edu.ucsb.cs156.gauchoride.controllers.UsersControllerTests.[engine:junit-jupiter]/[class:edu.ucsb.cs156.gauchoride.controllers.UsersControllerTests]/[method:api_users__admin_logged_in__search_for_user_that_does_not_exist()]
UsersController.java,edu.ucsb.cs156.gauchoride.controllers.UsersController,org.pitest.mutationtest.engine.gregor.mutators.NegateConditionalsMutator,toggleAdmin,79,KILLED,edu.ucsb.cs156.gauchoride.controllers.UsersControllerTests.[engine:junit-jupiter]/[class:edu.ucsb.cs156.gauchoride.controllers.UsersControllerTests]/[method:admin_can_toggle_admin_status_of_a_user_from_false_to_true()]
UsersController.java,edu.ucsb.cs156.gauchoride.controllers.UsersController,org.pitest.mutationtest.engine.gregor.mutators.VoidMethodCallMutator,toggleAdmin,79,KILLED,edu.ucsb.cs156.gauchoride.controllers.UsersControllerTests.[engine:junit-jupiter]/[class:edu.ucsb.cs156.gauchoride.controllers.UsersControllerTests]/[method:admin_can_toggle_admin_status_of_a_user_from_false_to_true()]
UsersController.java,edu.ucsb.cs156.gauchoride.controllers.UsersController,org.pitest.mutationtest.engine.gregor.mutators.returns.NullReturnValsMutator,toggleAdmin,81,KILLED,edu.ucsb.cs156.gauchoride.controllers.UsersControllerTests.[engine:junit-jupiter]/[class:edu.ucsb.cs156.gauchoride.controllers.UsersControllerTests]/[method:admin_can_toggle_admin_status_of_a_user_from_false_to_true()]
UsersController.java,edu.ucsb.cs156.gauchoride.controllers.UsersController,org.pitest.mutationtest.engine.gregor.mutators.NegateConditionalsMutator,toggleDriver,93,KILLED,edu.ucsb.cs156.gauchoride.controllers.UsersControllerTests.[engine:junit-jupiter]/[class:edu.ucsb.cs156.gauchoride.controllers.UsersControllerTests]/[method:admin_can_toggle_driver_status_of_a_user_from_false_to_true()]
UsersController.java,edu.ucsb.cs156.gauchoride.controllers.UsersController,org.pitest.mutationtest.engine.gregor.mutators.VoidMethodCallMutator,toggleDriver,93,KILLED,edu.ucsb.cs156.gauchoride.controllers.UsersControllerTests.[engine:junit-jupiter]/[class:edu.ucsb.cs156.gauchoride.controllers.UsersControllerTests]/[method:admin_can_toggle_driver_status_of_a_user_from_false_to_true()]
UsersController.java,edu.ucsb.cs156.gauchoride.controllers.UsersController,org.pitest.mutationtest.engine.gregor.mutators.returns.NullReturnValsMutator,toggleDriver,95,KILLED,edu.ucsb.cs156.gauchoride.controllers.UsersControllerTests.[engine:junit-jupiter]/[class:edu.ucsb.cs156.gauchoride.controllers.UsersControllerTests]/[method:admin_can_toggle_driver_status_of_a_user_from_false_to_true()]
UsersController.java,edu.ucsb.cs156.gauchoride.controllers.UsersController,org.pitest.mutationtest.engine.gregor.mutators.NegateConditionalsMutator,toggleRider,105,KILLED,edu.ucsb.cs156.gauchoride.controllers.UsersControllerTests.[engine:junit-jupiter]/[class:edu.ucsb.cs156.gauchoride.controllers.UsersControllerTests]/[method:admin_can_toggle_rider_status_of_a_user_from_true_to_false()]
UsersController.java,edu.ucsb.cs156.gauchoride.controllers.UsersController,org.pitest.mutationtest.engine.gregor.mutators.VoidMethodCallMutator,toggleRider,105,KILLED,edu.ucsb.cs156.gauchoride.controllers.UsersControllerTests.[engine:junit-jupiter]/[class:edu.ucsb.cs156.gauchoride.controllers.UsersControllerTests]/[method:admin_can_toggle_rider_status_of_a_user_from_true_to_false()]
UsersController.java,edu.ucsb.cs156.gauchoride.controllers.UsersController,org.pitest.mutationtest.engine.gregor.mutators.returns.NullReturnValsMutator,toggleRider,107,KILLED,edu.ucsb.cs156.gauchoride.controllers.UsersControllerTests.[engine:junit-jupiter]/[class:edu.ucsb.cs156.gauchoride.controllers.UsersControllerTests]/[method:admin_can_toggle_rider_status_of_a_user_from_true_to_false()]
UsersController.java,edu.ucsb.cs156.gauchoride.controllers.UsersController,org.pitest.mutationtest.engine.gregor.mutators.returns.NullReturnValsMutator,users,44,KILLED,edu.ucsb.cs156.gauchoride.controllers.UsersControllerTests.[engine:junit-jupiter]/[class:edu.ucsb.cs156.gauchoride.controllers.UsersControllerTests]/[method:users__admin_logged_in()]
UsersController.java,edu.ucsb.cs156.gauchoride.controllers.UsersController,org.pitest.mutationtest.engine.gregor.mutators.returns.NullReturnValsMutator,users,55,KILLED,edu.ucsb.cs156.gauchoride.controllers.UsersControllerTests.[engine:junit-jupiter]/[class:edu.ucsb.cs156.gauchoride.controllers.UsersControllerTests]/[method:api_users__admin_logged_in__returns_a_user_that_exists()]
RoleInterceptor.java,edu.ucsb.cs156.gauchoride.interceptors.RoleInterceptor,org.pitest.mutationtest.engine.gregor.mutators.NegateConditionalsMutator,lambda$preHandle$0,50,KILLED,edu.ucsb.cs156.gauchoride.interceptors.RoleInterceptorTests.[engine:junit-jupiter]/[class:edu.ucsb.cs156.gauchoride.interceptors.RoleInterceptorTests]/[method:updates_admin_role_when_user_admin_false()]
RoleInterceptor.java,edu.ucsb.cs156.gauchoride.interceptors.RoleInterceptor,org.pitest.mutationtest.engine.gregor.mutators.NegateConditionalsMutator,lambda$preHandle$0,51,KILLED,edu.ucsb.cs156.gauchoride.interceptors.RoleInterceptorTests.[engine:junit-jupiter]/[class:edu.ucsb.cs156.gauchoride.interceptors.RoleInterceptorTests]/[method:updates_admin_role_when_user_admin_false()]
RoleInterceptor.java,edu.ucsb.cs156.gauchoride.interceptors.RoleInterceptor,org.pitest.mutationtest.engine.gregor.mutators.NegateConditionalsMutator,lambda$preHandle$0,52,KILLED,edu.ucsb.cs156.gauchoride.interceptors.RoleInterceptorTests.[engine:junit-jupiter]/[class:edu.ucsb.cs156.gauchoride.interceptors.RoleInterceptorTests]/[method:updates_admin_role_when_user_admin_false()]
RoleInterceptor.java,edu.ucsb.cs156.gauchoride.interceptors.RoleInterceptor,org.pitest.mutationtest.engine.gregor.mutators.returns.BooleanTrueReturnValsMutator,lambda$preHandle$0,50,KILLED,edu.ucsb.cs156.gauchoride.interceptors.RoleInterceptorTests.[engine:junit-jupiter]/[class:edu.ucsb.cs156.gauchoride.interceptors.RoleInterceptorTests]/[method:updates_admin_role_when_user_admin_false()]
RoleInterceptor.java,edu.ucsb.cs156.gauchoride.interceptors.RoleInterceptor,org.pitest.mutationtest.engine.gregor.mutators.NegateConditionalsMutator,preHandle,42,KILLED,edu.ucsb.cs156.gauchoride.controllers.UserInfoControllerTests.[engine:junit-jupiter]/[class:edu.ucsb.cs156.gauchoride.controllers.UserInfoControllerTests]/[method:currentUser__logged_out()]
RoleInterceptor.java,edu.ucsb.cs156.gauchoride.interceptors.RoleInterceptor,org.pitest.mutationtest.engine.gregor.mutators.NegateConditionalsMutator,preHandle,46,KILLED,edu.ucsb.cs156.gauchoride.interceptors.RoleInterceptorTests.[engine:junit-jupiter]/[class:edu.ucsb.cs156.gauchoride.interceptors.RoleInterceptorTests]/[method:updates_nothing_when_user_not_present()]
RoleInterceptor.java,edu.ucsb.cs156.gauchoride.interceptors.RoleInterceptor,org.pitest.mutationtest.engine.gregor.mutators.NegateConditionalsMutator,preHandle,54,KILLED,edu.ucsb.cs156.gauchoride.interceptors.RoleInterceptorTests.[engine:junit-jupiter]/[class:edu.ucsb.cs156.gauchoride.interceptors.RoleInterceptorTests]/[method:updates_admin_role_when_user_admin_false()]
RoleInterceptor.java,edu.ucsb.cs156.gauchoride.interceptors.RoleInterceptor,org.pitest.mutationtest.engine.gregor.mutators.NegateConditionalsMutator,preHandle,57,KILLED,edu.ucsb.cs156.gauchoride.interceptors.RoleInterceptorTests.[engine:junit-jupiter]/[class:edu.ucsb.cs156.gauchoride.interceptors.RoleInterceptorTests]/[method:updates_admin_role_when_user_admin_false()]
RoleInterceptor.java,edu.ucsb.cs156.gauchoride.interceptors.RoleInterceptor,org.pitest.mutationtest.engine.gregor.mutators.NegateConditionalsMutator,preHandle,60,KILLED,edu.ucsb.cs156.gauchoride.interceptors.RoleInterceptorTests.[engine:junit-jupiter]/[class:edu.ucsb.cs156.gauchoride.interceptors.RoleInterceptorTests]/[method:updates_admin_role_when_user_admin_false()]
RoleInterceptor.java,edu.ucsb.cs156.gauchoride.interceptors.RoleInterceptor,org.pitest.mutationtest.engine.gregor.mutators.VoidMethodCallMutator,preHandle,65,KILLED,edu.ucsb.cs156.gauchoride.interceptors.RoleInterceptorTests.[engine:junit-jupiter]/[class:edu.ucsb.cs156.gauchoride.interceptors.RoleInterceptorTests]/[method:updates_admin_role_when_user_admin_false()]
RoleInterceptor.java,edu.ucsb.cs156.gauchoride.interceptors.RoleInterceptor,org.pitest.mutationtest.engine.gregor.mutators.returns.BooleanFalseReturnValsMutator,preHandle,68,KILLED,edu.ucsb.cs156.gauchoride.controllers.UserInfoControllerTests.[engine:junit-jupiter]/[class:edu.ucsb.cs156.gauchoride.controllers.UserInfoControllerTests]/[method:currentUser__logged_out()]
CurrentUserService.java,edu.ucsb.cs156.gauchoride.services.CurrentUserService,org.pitest.mutationtest.engine.gregor.mutators.NegateConditionalsMutator,isLoggedIn,16,KILLED,edu.ucsb.cs156.gauchoride.services.CurrentUserServiceTests.[engine:junit-jupiter]/[class:edu.ucsb.cs156.gauchoride.services.CurrentUserServiceTests]/[method:test_isLoggedIn_returns_false()]
CurrentUserService.java,edu.ucsb.cs156.gauchoride.services.CurrentUserService,org.pitest.mutationtest.engine.gregor.mutators.returns.BooleanTrueReturnValsMutator,isLoggedIn,16,KILLED,edu.ucsb.cs156.gauchoride.services.CurrentUserServiceTests.[engine:junit-jupiter]/[class:edu.ucsb.cs156.gauchoride.services.CurrentUserServiceTests]/[method:test_isLoggedIn_returns_false()]
GrantedAuthoritiesService.java,edu.ucsb.cs156.gauchoride.services.GrantedAuthoritiesService,org.pitest.mutationtest.engine.gregor.mutators.returns.EmptyObjectReturnValsMutator,getGrantedAuthorities,22,KILLED,edu.ucsb.cs156.gauchoride.services.GrantedAuthoritiesServiceTests.[engine:junit-jupiter]/[class:edu.ucsb.cs156.gauchoride.services.GrantedAuthoritiesServiceTests]/[method:test_getGrantedAuthorities()]
SystemInfoServiceImpl.java,edu.ucsb.cs156.gauchoride.services.SystemInfoServiceImpl,org.pitest.mutationtest.engine.gregor.mutators.returns.NullReturnValsMutator,getSystemInfo,31,KILLED,edu.ucsb.cs156.gauchoride.services.SystemInfoServiceImplTests.[engine:junit-jupiter]/[class:edu.ucsb.cs156.gauchoride.services.SystemInfoServiceImplTests]/[method:test_getSystemInfo()]
RiderApplicationController.java,edu.ucsb.cs156.gauchoride.controllers.RiderApplicationController,org.pitest.mutationtest.engine.gregor.mutators.returns.NullReturnValsMutator,allApplications,81,KILLED,edu.ucsb.cs156.gauchoride.controllers.RiderApplicationControllerTests.[engine:junit-jupiter]/[class:edu.ucsb.cs156.gauchoride.controllers.RiderApplicationControllerTests]/[method:logged_in_member_can_get_all_their_own_rides()]
RiderApplicationController.java,edu.ucsb.cs156.gauchoride.controllers.RiderApplicationController,org.pitest.mutationtest.engine.gregor.mutators.returns.NullReturnValsMutator,allApplicationsAdmin,190,KILLED,edu.ucsb.cs156.gauchoride.controllers.RiderApplicationControllerTests.[engine:junit-jupiter]/[class:edu.ucsb.cs156.gauchoride.controllers.RiderApplicationControllerTests]/[method:test_that_logged_in_admin_can_get_all_applications()]
RiderApplicationController.java,edu.ucsb.cs156.gauchoride.controllers.RiderApplicationController,org.pitest.mutationtest.engine.gregor.mutators.returns.NullReturnValsMutator,allPendingApplications,201,KILLED,edu.ucsb.cs156.gauchoride.controllers.RiderApplicationControllerTests.[engine:junit-jupiter]/[class:edu.ucsb.cs156.gauchoride.controllers.RiderApplicationControllerTests]/[method:test_that_logged_in_can_get_no_pending_applications_when_they_do_not_exist()]
RiderApplicationController.java,edu.ucsb.cs156.gauchoride.controllers.RiderApplicationController,org.pitest.mutationtest.engine.gregor.mutators.NegateConditionalsMutator,cancelApplication,161,KILLED,edu.ucsb.cs156.gauchoride.controllers.RiderApplicationControllerTests.[engine:junit-jupiter]/[class:edu.ucsb.cs156.gauchoride.controllers.RiderApplicationControllerTests]/[method:member_can_cancel_their_own_application_whose_status_is_pending()]
RiderApplicationController.java,edu.ucsb.cs156.gauchoride.controllers.RiderApplicationController,org.pitest.mutationtest.engine.gregor.mutators.VoidMethodCallMutator,cancelApplication,167,KILLED,edu.ucsb.cs156.gauchoride.controllers.RiderApplicationControllerTests.[engine:junit-jupiter]/[class:edu.ucsb.cs156.gauchoride.controllers.RiderApplicationControllerTests]/[method:member_can_cancel_their_own_application_whose_status_is_pending()]
RiderApplicationController.java,edu.ucsb.cs156.gauchoride.controllers.RiderApplicationController,org.pitest.mutationtest.engine.gregor.mutators.VoidMethodCallMutator,cancelApplication,168,KILLED,edu.ucsb.cs156.gauchoride.controllers.RiderApplicationControllerTests.[engine:junit-jupiter]/[class:edu.ucsb.cs156.gauchoride.controllers.RiderApplicationControllerTests]/[method:member_can_cancel_their_own_application_whose_status_is_pending()]
RiderApplicationController.java,edu.ucsb.cs156.gauchoride.controllers.RiderApplicationController,org.pitest.mutationtest.engine.gregor.mutators.VoidMethodCallMutator,cancelApplication,169,KILLED,edu.ucsb.cs156.gauchoride.controllers.RiderApplicationControllerTests.[engine:junit-jupiter]/[class:edu.ucsb.cs156.gauchoride.controllers.RiderApplicationControllerTests]/[method:member_can_cancel_their_own_application_whose_status_is_pending()]
RiderApplicationController.java,edu.ucsb.cs156.gauchoride.controllers.RiderApplicationController,org.pitest.mutationtest.engine.gregor.mutators.returns.NullReturnValsMutator,cancelApplication,172,KILLED,edu.ucsb.cs156.gauchoride.controllers.RiderApplicationControllerTests.[engine:junit-jupiter]/[class:edu.ucsb.cs156.gauchoride.controllers.RiderApplicationControllerTests]/[method:member_can_cancel_their_own_application_whose_status_is_pending()]
RiderApplicationController.java,edu.ucsb.cs156.gauchoride.controllers.RiderApplicationController,org.pitest.mutationtest.engine.gregor.mutators.returns.NullReturnValsMutator,cancelApplication,176,KILLED,edu.ucsb.cs156.gauchoride.controllers.RiderApplicationControllerTests.[engine:junit-jupiter]/[class:edu.ucsb.cs156.gauchoride.controllers.RiderApplicationControllerTests]/[method:member_canot_cancel_application_whose_status_is_not_pending()]
RiderApplicationController.java,edu.ucsb.cs156.gauchoride.controllers.RiderApplicationController,org.pitest.mutationtest.engine.gregor.mutators.returns.NullReturnValsMutator,getById,95,KILLED,edu.ucsb.cs156.gauchoride.controllers.RiderApplicationControllerTests.[engine:junit-jupiter]/[class:edu.ucsb.cs156.gauchoride.controllers.RiderApplicationControllerTests]/[method:test_that_logged_in_member_can_get_by_id_when_the_id_exists_and_user_id_matches()]
RiderApplicationController.java,edu.ucsb.cs156.gauchoride.controllers.RiderApplicationController,org.pitest.mutationtest.engine.gregor.mutators.returns.NullReturnValsMutator,lambda$cancelApplication$2,159,KILLED,edu.ucsb.cs156.gauchoride.controllers.RiderApplicationControllerTests.[engine:junit-jupiter]/[class:edu.ucsb.cs156.gauchoride.controllers.RiderApplicationControllerTests]/[method:member_cannot_cancel_other_members_application()]
RiderApplicationController.java,edu.ucsb.cs156.gauchoride.controllers.RiderApplicationController,org.pitest.mutationtest.engine.gregor.mutators.returns.NullReturnValsMutator,lambda$getById$0,94,KILLED,edu.ucsb.cs156.gauchoride.controllers.RiderApplicationControllerTests.[engine:junit-jupiter]/[class:edu.ucsb.cs156.gauchoride.controllers.RiderApplicationControllerTests]/[method:logged_in_members_can_get_by_id_that_is_theirs()]
RiderApplicationController.java,edu.ucsb.cs156.gauchoride.controllers.RiderApplicationController,org.pitest.mutationtest.engine.gregor.mutators.returns.NullReturnValsMutator,lambda$specificApplication$3,214,KILLED,edu.ucsb.cs156.gauchoride.controllers.RiderApplicationControllerTests.[engine:junit-jupiter]/[class:edu.ucsb.cs156.gauchoride.controllers.RiderApplicationControllerTests]/[method:test_that_logged_in_admin_cannot_get_by_id_when_id_does_not_exists()]
RiderApplicationController.java,edu.ucsb.cs156.gauchoride.controllers.RiderApplicationController,org.pitest.mutationtest.engine.gregor.mutators.returns.NullReturnValsMutator,lambda$updateApplication$1,110,KILLED,edu.ucsb.cs156.gauchoride.controllers.RiderApplicationControllerTests.[engine:junit-jupiter]/[class:edu.ucsb.cs156.gauchoride.controllers.RiderApplicationControllerTests]/[method:member_cannot_edit_other_members_application()]
RiderApplicationController.java,edu.ucsb.cs156.gauchoride.controllers.RiderApplicationController,org.pitest.mutationtest.engine.gregor.mutators.returns.NullReturnValsMutator,lambda$updateApplicationAdmin$4,236,KILLED,edu.ucsb.cs156.gauchoride.controllers.RiderApplicationControllerTests.[engine:junit-jupiter]/[class:edu.ucsb.cs156.gauchoride.controllers.RiderApplicationControllerTests]/[method:test_that_logged_in_admin_cannot_update_when_the_application_does_not_exist()]
RiderApplicationController.java,edu.ucsb.cs156.gauchoride.controllers.RiderApplicationController,org.pitest.mutationtest.engine.gregor.mutators.VoidMethodCallMutator,postRiderApplication,61,KILLED,edu.ucsb.cs156.gauchoride.controllers.RiderApplicationControllerTests.[engine:junit-jupiter]/[class:edu.ucsb.cs156.gauchoride.controllers.RiderApplicationControllerTests]/[method:a_member_can_post_a_new_riderApplication()]
RiderApplicationController.java,edu.ucsb.cs156.gauchoride.controllers.RiderApplicationController,org.pitest.mutationtest.engine.gregor.mutators.VoidMethodCallMutator,postRiderApplication,62,KILLED,edu.ucsb.cs156.gauchoride.controllers.RiderApplicationControllerTests.[engine:junit-jupiter]/[class:edu.ucsb.cs156.gauchoride.controllers.RiderApplicationControllerTests]/[method:a_member_can_post_a_new_riderApplication()]
RiderApplicationController.java,edu.ucsb.cs156.gauchoride.controllers.RiderApplicationController,org.pitest.mutationtest.engine.gregor.mutators.VoidMethodCallMutator,postRiderApplication,63,KILLED,edu.ucsb.cs156.gauchoride.controllers.RiderApplicationControllerTests.[engine:junit-jupiter]/[class:edu.ucsb.cs156.gauchoride.controllers.RiderApplicationControllerTests]/[method:a_member_can_post_a_new_riderApplication()]
RiderApplicationController.java,edu.ucsb.cs156.gauchoride.controllers.RiderApplicationController,org.pitest.mutationtest.engine.gregor.mutators.VoidMethodCallMutator,postRiderApplication,64,KILLED,edu.ucsb.cs156.gauchoride.controllers.RiderApplicationControllerTests.[engine:junit-jupiter]/[class:edu.ucsb.cs156.gauchoride.controllers.RiderApplicationControllerTests]/[method:a_member_can_post_a_new_riderApplication()]
RiderApplicationController.java,edu.ucsb.cs156.gauchoride.controllers.RiderApplicationController,org.pitest.mutationtest.engine.gregor.mutators.VoidMethodCallMutator,postRiderApplication,65,KILLED,edu.ucsb.cs156.gauchoride.controllers.RiderApplicationControllerTests.[engine:junit-jupiter]/[class:edu.ucsb.cs156.gauchoride.controllers.RiderApplicationControllerTests]/[method:a_member_can_post_a_new_riderApplication()]
RiderApplicationController.java,edu.ucsb.cs156.gauchoride.controllers.RiderApplicationController,org.pitest.mutationtest.engine.gregor.mutators.VoidMethodCallMutator,postRiderApplication,66,KILLED,edu.ucsb.cs156.gauchoride.controllers.RiderApplicationControllerTests.[engine:junit-jupiter]/[class:edu.ucsb.cs156.gauchoride.controllers.RiderApplicationControllerTests]/[method:a_member_can_post_a_new_riderApplication()]
RiderApplicationController.java,edu.ucsb.cs156.gauchoride.controllers.RiderApplicationController,org.pitest.mutationtest.engine.gregor.mutators.VoidMethodCallMutator,postRiderApplication,67,KILLED,edu.ucsb.cs156.gauchoride.controllers.RiderApplicationControllerTests.[engine:junit-jupiter]/[class:edu.ucsb.cs156.gauchoride.controllers.RiderApplicationControllerTests]/[method:a_member_can_post_a_new_riderApplication()]
RiderApplicationController.java,edu.ucsb.cs156.gauchoride.controllers.RiderApplicationController,org.pitest.mutationtest.engine.gregor.mutators.VoidMethodCallMutator,postRiderApplication,68,KILLED,edu.ucsb.cs156.gauchoride.controllers.RiderApplicationControllerTests.[engine:junit-jupiter]/[class:edu.ucsb.cs156.gauchoride.controllers.RiderApplicationControllerTests]/[method:a_member_can_post_a_new_riderApplication()]
RiderApplicationController.java,edu.ucsb.cs156.gauchoride.controllers.RiderApplicationController,org.pitest.mutationtest.engine.gregor.mutators.returns.NullReturnValsMutator,postRiderApplication,71,KILLED,edu.ucsb.cs156.gauchoride.controllers.RiderApplicationControllerTests.[engine:junit-jupiter]/[class:edu.ucsb.cs156.gauchoride.controllers.RiderApplicationControllerTests]/[method:a_member_can_post_a_new_riderApplication()]
RiderApplicationController.java,edu.ucsb.cs156.gauchoride.controllers.RiderApplicationController,org.pitest.mutationtest.engine.gregor.mutators.returns.NullReturnValsMutator,specificApplication,215,KILLED,edu.ucsb.cs156.gauchoride.controllers.RiderApplicationControllerTests.[engine:junit-jupiter]/[class:edu.ucsb.cs156.gauchoride.controllers.RiderApplicationControllerTests]/[method:test_that_logged_in_can_get_by_id_when_id_exists()]
RiderApplicationController.java,edu.ucsb.cs156.gauchoride.controllers.RiderApplicationController,org.pitest.mutationtest.engine.gregor.mutators.NegateConditionalsMutator,updateApplication,112,KILLED,edu.ucsb.cs156.gauchoride.controllers.RiderApplicationControllerTests.[engine:junit-jupiter]/[class:edu.ucsb.cs156.gauchoride.controllers.RiderApplicationControllerTests]/[method:member_canot_edit_application_whose_status_is_not_pending_or_accepted()]
RiderApplicationController.java,edu.ucsb.cs156.gauchoride.controllers.RiderApplicationController,org.pitest.mutationtest.engine.gregor.mutators.NegateConditionalsMutator,updateApplication,126,KILLED,edu.ucsb.cs156.gauchoride.controllers.RiderApplicationControllerTests.[engine:junit-jupiter]/[class:edu.ucsb.cs156.gauchoride.controllers.RiderApplicationControllerTests]/[method:member_canot_edit_application_whose_status_is_not_pending_or_accepted()]
RiderApplicationController.java,edu.ucsb.cs156.gauchoride.controllers.RiderApplicationController,org.pitest.mutationtest.engine.gregor.mutators.VoidMethodCallMutator,updateApplication,118,KILLED,edu.ucsb.cs156.gauchoride.controllers.RiderApplicationControllerTests.[engine:junit-jupiter]/[class:edu.ucsb.cs156.gauchoride.controllers.RiderApplicationControllerTests]/[method:member_can_edit_their_own_application_whose_status_is_pending()]
RiderApplicationController.java,edu.ucsb.cs156.gauchoride.controllers.RiderApplicationController,org.pitest.mutationtest.engine.gregor.mutators.VoidMethodCallMutator,updateApplication,119,KILLED,edu.ucsb.cs156.gauchoride.controllers.RiderApplicationControllerTests.[engine:junit-jupiter]/[class:edu.ucsb.cs156.gauchoride.controllers.RiderApplicationControllerTests]/[method:member_can_edit_their_own_application_whose_status_is_pending()]
RiderApplicationController.java,edu.ucsb.cs156.gauchoride.controllers.RiderApplicationController,org.pitest.mutationtest.engine.gregor.mutators.VoidMethodCallMutator,updateApplication,120,KILLED,edu.ucsb.cs156.gauchoride.controllers.RiderApplicationControllerTests.[engine:junit-jupiter]/[class:edu.ucsb.cs156.gauchoride.controllers.RiderApplicationControllerTests]/[method:member_can_edit_their_own_application_whose_status_is_pending()]
RiderApplicationController.java,edu.ucsb.cs156.gauchoride.controllers.RiderApplicationController,org.pitest.mutationtest.engine.gregor.mutators.VoidMethodCallMutator,updateApplication,121,KILLED,edu.ucsb.cs156.gauchoride.controllers.RiderApplicationControllerTests.[engine:junit-jupiter]/[class:edu.ucsb.cs156.gauchoride.controllers.RiderApplicationControllerTests]/[method:member_can_edit_their_own_application_whose_status_is_pending()]
RiderApplicationController.java,edu.ucsb.cs156.gauchoride.controllers.RiderApplicationController,org.pitest.mutationtest.engine.gregor.mutators.VoidMethodCallMutator,updateApplication,122,KILLED,edu.ucsb.cs156.gauchoride.controllers.RiderApplicationControllerTests.[engine:junit-jupiter]/[class:edu.ucsb.cs156.gauchoride.controllers.RiderApplicationControllerTests]/[method:member_can_edit_their_own_application_whose_status_is_pending()]
RiderApplicationController.java,edu.ucsb.cs156.gauchoride.controllers.RiderApplicationController,org.pitest.mutationtest.engine.gregor.mutators.VoidMethodCallMutator,updateApplication,132,KILLED,edu.ucsb.cs156.gauchoride.controllers.RiderApplicationControllerTests.[engine:junit-jupiter]/[class:edu.ucsb.cs156.gauchoride.controllers.RiderApplicationControllerTests]/[method:member_can_edit_their_own_application_whose_status_is_accepted()]
RiderApplicationController.java,edu.ucsb.cs156.gauchoride.controllers.RiderApplicationController,org.pitest.mutationtest.engine.gregor.mutators.VoidMethodCallMutator,updateApplication,133,KILLED,edu.ucsb.cs156.gauchoride.controllers.RiderApplicationControllerTests.[engine:junit-jupiter]/[class:edu.ucsb.cs156.gauchoride.controllers.RiderApplicationControllerTests]/[method:member_can_edit_their_own_application_whose_status_is_accepted()]
RiderApplicationController.java,edu.ucsb.cs156.gauchoride.controllers.RiderApplicationController,org.pitest.mutationtest.engine.gregor.mutators.VoidMethodCallMutator,updateApplication,134,KILLED,edu.ucsb.cs156.gauchoride.controllers.RiderApplicationControllerTests.[engine:junit-jupiter]/[class:edu.ucsb.cs156.gauchoride.controllers.RiderApplicationControllerTests]/[method:member_can_edit_their_own_application_whose_status_is_accepted()]
RiderApplicationController.java,edu.ucsb.cs156.gauchoride.controllers.RiderApplicationController,org.pitest.mutationtest.engine.gregor.mutators.VoidMethodCallMutator,updateApplication,135,KILLED,edu.ucsb.cs156.gauchoride.controllers.RiderApplicationControllerTests.[engine:junit-jupiter]/[class:edu.ucsb.cs156.gauchoride.controllers.RiderApplicationControllerTests]/[method:member_can_edit_their_own_application_whose_status_is_accepted()]
RiderApplicationController.java,edu.ucsb.cs156.gauchoride.controllers.RiderApplicationController,org.pitest.mutationtest.engine.gregor.mutators.VoidMethodCallMutator,updateApplication,136,KILLED,edu.ucsb.cs156.gauchoride.controllers.RiderApplicationControllerTests.[engine:junit-jupiter]/[class:edu.ucsb.cs156.gauchoride.controllers.RiderApplicationControllerTests]/[method:member_can_edit_their_own_application_whose_status_is_accepted()]
RiderApplicationController.java,edu.ucsb.cs156.gauchoride.controllers.RiderApplicationController,org.pitest.mutationtest.engine.gregor.mutators.returns.NullReturnValsMutator,updateApplication,124,KILLED,edu.ucsb.cs156.gauchoride.controllers.RiderApplicationControllerTests.[engine:junit-jupiter]/[class:edu.ucsb.cs156.gauchoride.controllers.RiderApplicationControllerTests]/[method:member_can_edit_their_own_application_whose_status_is_pending()]
RiderApplicationController.java,edu.ucsb.cs156.gauchoride.controllers.RiderApplicationController,org.pitest.mutationtest.engine.gregor.mutators.returns.NullReturnValsMutator,updateApplication,138,KILLED,edu.ucsb.cs156.gauchoride.controllers.RiderApplicationControllerTests.[engine:junit-jupiter]/[class:edu.ucsb.cs156.gauchoride.controllers.RiderApplicationControllerTests]/[method:member_can_edit_their_own_application_whose_status_is_accepted()]
RiderApplicationController.java,edu.ucsb.cs156.gauchoride.controllers.RiderApplicationController,org.pitest.mutationtest.engine.gregor.mutators.returns.NullReturnValsMutator,updateApplication,143,KILLED,edu.ucsb.cs156.gauchoride.controllers.RiderApplicationControllerTests.[engine:junit-jupiter]/[class:edu.ucsb.cs156.gauchoride.controllers.RiderApplicationControllerTests]/[method:member_canot_edit_application_whose_status_is_not_pending_or_accepted()]
RiderApplicationController.java,edu.ucsb.cs156.gauchoride.controllers.RiderApplicationController,org.pitest.mutationtest.engine.gregor.mutators.NegateConditionalsMutator,updateApplicationAdmin,238,KILLED,edu.ucsb.cs156.gauchoride.controllers.RiderApplicationControllerTests.[engine:junit-jupiter]/[class:edu.ucsb.cs156.gauchoride.controllers.RiderApplicationControllerTests]/[method:test_that_logged_in_admin_can_update_nothing_when_the_application_exists()]
RiderApplicationController.java,edu.ucsb.cs156.gauchoride.controllers.RiderApplicationController,org.pitest.mutationtest.engine.gregor.mutators.NegateConditionalsMutator,updateApplicationAdmin,243,KILLED,edu.ucsb.cs156.gauchoride.controllers.RiderApplicationControllerTests.[engine:junit-jupiter]/[class:edu.ucsb.cs156.gauchoride.controllers.RiderApplicationControllerTests]/[method:test_that_logged_in_admin_can_update_notes_only_when_the_application_exists()]
RiderApplicationController.java,edu.ucsb.cs156.gauchoride.controllers.RiderApplicationController,org.pitest.mutationtest.engine.gregor.mutators.VoidMethodCallMutator,updateApplicationAdmin,240,KILLED,edu.ucsb.cs156.gauchoride.controllers.RiderApplicationControllerTests.[engine:junit-jupiter]/[class:edu.ucsb.cs156.gauchoride.controllers.RiderApplicationControllerTests]/[method:test_that_logged_in_admin_can_update_status_and_notes_when_the_application_exists()]
RiderApplicationController.java,edu.ucsb.cs156.gauchoride.controllers.RiderApplicationController,org.pitest.mutationtest.engine.gregor.mutators.VoidMethodCallMutator,updateApplicationAdmin,245,KILLED,edu.ucsb.cs156.gauchoride.controllers.RiderApplicationControllerTests.[engine:junit-jupiter]/[class:edu.ucsb.cs156.gauchoride.controllers.RiderApplicationControllerTests]/[method:test_that_logged_in_admin_can_update_notes_only_when_the_application_exists()]
RiderApplicationController.java,edu.ucsb.cs156.gauchoride.controllers.RiderApplicationController,org.pitest.mutationtest.engine.gregor.mutators.returns.NullReturnValsMutator,updateApplicationAdmin,249,KILLED,edu.ucsb.cs156.gauchoride.controllers.RiderApplicationControllerTests.[engine:junit-jupiter]/[class:edu.ucsb.cs156.gauchoride.controllers.RiderApplicationControllerTests]/[method:test_that_logged_in_admin_can_update_nothing_when_the_application_exists()]
